{
  "project_info": {
    "project_number": "731838683254",
    "firebase_url": "https://study-guide-project-a3377.firebaseio.com",
    "project_id": "study-guide-project-a3377",
    "storage_bucket": "study-guide-project-a3377.appspot.com"
  },
  "client": [
    {
      "client_info": {
        "mobilesdk_app_id": "1:731838683254:android:e14c79301bdccb89",
        "android_client_info": {
          "package_name": "com.example.studyguide"
        }
      },
      "oauth_client": [
        {
          "client_id": "731838683254-a5r5ma9s85vefk7jj852v1jd98bm7cac.apps.googleusercontent.com",
          "client_type": 1,
          "android_info": {
            "package_name": "com.example.studyguide",
            "certificate_hash": "28212813c2edd93b2ffb357de67cb381e89faecb"
          }
        },
        {
          "client_id": "731838683254-39cf2pn8ip0sjslj7vrbuncrv3ofn4ij.apps.googleusercontent.com",
          "client_type": 3
        }
      ],
      "api_key": [
        {
          "current_key": "AIzaSyB0ZFbJF-TdWzoVWsQ3hsOZrV4NtsOTU1g"
        }
      ],
      "services": {
        "appinvite_service": {
          "other_platform_oauth_client": [
            {
              "client_id": "731838683254-39cf2pn8ip0sjslj7vrbuncrv3ofn4ij.apps.googleusercontent.com",
              "client_type": 3
            }
          ]
        }
      }
    }
  ],
  "configuration_version": "1"
}